#,Título,Tipo,Progreso,URL
1,"HÁBLAME",MANHWA,"21.00 / 133.00",https://zonatmo.nakamasweb.com/library/manhwa/16832/hablame
2,"The Girl Next Door ",MANHWA,"3.00 / 81.00",https://zonatmo.nakamasweb.com/library/manhwa/16934/the-girl-next-door
3,"Love Parameter",MANHWA,"- /126.00",https://zonatmo.nakamasweb.com/library/manhwa/14735/love-parameter
4,"Bajo Observación: Mis Primeros Amores Y Yo",MANHWA,"48.00 / 51.50",https://zonatmo.nakamasweb.com/library/manhwa/40542/under-observation-my-first-loves-and-i
5,"H Mate",MANHWA,"- /101.00",https://zonatmo.nakamasweb.com/library/manhwa/13805/h-mate
6,"Lecciones de sexo",MANHWA,"- /49.00",https://zonatmo.nakamasweb.com/library/manhwa/40875/sex-lessons
7,"Solmi's Channel",MANHWA,"- /61.00",https://zonatmo.nakamasweb.com/library/manhwa/36508/solmis-channel
8,"DOUBLE DATE",MANHWA,"- /64.00",https://zonatmo.nakamasweb.com/library/manhwa/18783/double-date
9,"Atonement Camp",MANHWA,"- /73.00",https://zonatmo.nakamasweb.com/library/manhwa/16342/atonement-camp
10,"New Face",MANHWA,"- /40.00",https://zonatmo.nakamasweb.com/library/manhwa/20472/new-face
11,"DESAPARECIDAS",MANHWA,"- /27.00",https://zonatmo.nakamasweb.com/library/manhwa/23026/desaparecidas
12,"An Adult's Experiences",MANHWA,"- /30.00",https://zonatmo.nakamasweb.com/library/manhwa/39573/an-adults-experiences
13,"I Massage My Little Sister Every Night ",MANHWA,"5.00 / 44.00",https://zonatmo.nakamasweb.com/library/manhwa/42729/i-massage-my-little-sister-every-night
14,"LÁGRIMAS DE UN ÁNGEL",MANHWA,"- /20.00",https://zonatmo.nakamasweb.com/library/manhwa/24714/angels-tears
15,"Widaehan Yusan",MANHWA,"- /15.00",https://zonatmo.nakamasweb.com/library/manhwa/41906/widaehanyusan
16,"Dos Pájaros En Primavera",MANHWA,"- /62.50",https://zonatmo.nakamasweb.com/library/manhwa/36561/two-birds-in-spring
17,"The Secret 3P Sleepover in a 7 Square Meter Room!",MANHWA,"- /18.00",https://zonatmo.nakamasweb.com/library/manhwa/41957/la-fiesta-de-pijamas-secreta-3p-en-una-habitacion-de-7-metros-cuadrados
18,"Bittersweet",MANHWA,"- /55.00",https://zonatmo.nakamasweb.com/library/manhwa/2990/bittersweet
19,"Domesticate The Housekeeper",MANHWA,"- /44.00",https://zonatmo.nakamasweb.com/library/manhwa/27885/gajeongbu-gildeul-igi
20,"Perdón por ser una Pervertida!",MANHWA,"- /32.00",https://zonatmo.nakamasweb.com/library/manhwa/23628/perdon-por-ser-una-pervertida
21,"Refrain Love",MANHWA,"- /48.00",https://zonatmo.nakamasweb.com/library/manhwa/14851/refrain-love
22,"Mia's Tools",MANHWA,"- /15.00",https://zonatmo.nakamasweb.com/library/manhwa/27457/mias-tools
23,"The Third Party",MANHWA,"- /63.00",https://zonatmo.nakamasweb.com/library/manhwa/22448/the-third-party
24,"Household Affairs",MANHWA,"- /74.50",https://zonatmo.nakamasweb.com/library/manhwa/13341/household-affairs
25,"Hentai Campus",MANHWA,"- /71.00",https://zonatmo.nakamasweb.com/library/manhwa/20631/hentai-campus
26,"Secret Folder",MANHWA,"- /18.00",https://zonatmo.nakamasweb.com/library/manhwa/21461/secret-folder
27,"The Girl That Got Stuck in the Wall",MANHWA,"- /12.00",https://zonatmo.nakamasweb.com/library/manhwa/27516/la-chica-que-se-quedo-atascada-en-la-pared
28,"SEDUCTIVE UNIFORM",MANHWA,"- /19.00",https://zonatmo.nakamasweb.com/library/manhwa/20501/SEDUCTIVE-UNIFORM
29,"DARK GAME",MANHWA,"- /31.00",https://zonatmo.nakamasweb.com/library/manhwa/18668/dark-game
30,"NARAKARANA",MANHWA,"- /23.50",https://zonatmo.nakamasweb.com/library/manhwa/20505/narakarana
31,"Cohabitation",MANHWA,"- /54.00",https://zonatmo.nakamasweb.com/library/manhwa/15757/cohabitation
32,"Little Girl",MANHWA,"- /74.00",https://zonatmo.nakamasweb.com/library/manhwa/13177/little-girl
33,"Hari Dormitory",MANHWA,"- /32.00",https://zonatmo.nakamasweb.com/library/manhwa/19617/hari-dormitory
34,"Sweet Guy",MANHWA,"- /75.50",https://zonatmo.nakamasweb.com/library/manhwa/12871/sweet-guy
35,"Kitsch",MANHWA,"- /72.00",https://zonatmo.nakamasweb.com/library/manhwa/16264/kitsch
36,"Aharoo",MANHWA,"- /50.00",https://zonatmo.nakamasweb.com/library/manhwa/14866/yahalue
37,"A World That I Rule!",MANHWA,"- /41.00",https://zonatmo.nakamasweb.com/library/manhwa/14318/a-world-that-i-rule
38,"Club Sodom",MANHWA,"- /32.00",https://zonatmo.nakamasweb.com/library/manhwa/15832/club-sodom
39,"Poliamoría",MANHWA,"- /15.00",https://zonatmo.nakamasweb.com/library/manhwa/20667/poliamoria
40,"House of Dolls",MANHWA,"- /28.00",https://zonatmo.nakamasweb.com/library/manhwa/15897/house-of-dolls